bairro_group,bairro,latitude,longitude,room_type,minimo_noites,numero_de_reviews,reviews_por_mes,calculado_host_listings_count
Brooklyn,Williamsburg,40.70822,-73.94825,Entire home/apt,2,0,0.0,1
Brooklyn,Bedford-Stuyvesant,40.68001,-73.94971,Entire home/apt,30,11,0.29,3
Brooklyn,Bedford-Stuyvesant,40.68076,-73.95667,Private room,3,1,0.5,4
Brooklyn,Bushwick,40.69972,-73.92362,Private room,3,0,0.0,1
Manhattan,Murray Hill,40.74899,-73.97301,Private room,1,1,0.02,1
Manhattan,Midtown,40.76084,-73.96908,Entire home/apt,15,6,0.58,2
Brooklyn,Greenpoint,40.72767,-73.95084,Private room,5,19,1.26,1
Manhattan,Hell's Kitchen,40.76128,-73.99617,Entire home/apt,2,39,0.86,1
Brooklyn,Williamsburg,40.7049,-73.92966,Private room,1,2,0.06,1
Brooklyn,Greenpoint,40.72537,-73.94076,Entire home/apt,30,0,0.0,52
Brooklyn,Kensington,40.64687,-73.98182,Entire home/apt,7,6,0.11,1
Brooklyn,Downtown Brooklyn,40.6978,-73.98396,Private room,1,0,0.0,1
Manhattan,Upper East Side,40.77242,-73.96212,Entire home/apt,7,3,0.06,1
Staten Island,Howland Hook,40.63014,-74.17459,Entire home/apt,4,20,0.57,1
Manhattan,Financial District,40.70538,-74.00664,Entire home/apt,30,3,0.08,96
Queens,Long Island City,40.75472,-73.91891,Entire home/apt,2,27,2.74,1
Brooklyn,Bedford-Stuyvesant,40.69102,-73.95132,Private room,3,3,0.16,3
Brooklyn,Williamsburg,40.70739,-73.94726,Private room,6,3,0.14,2
Queens,Sunnyside,40.74962,-73.91664,Entire home/apt,2,111,3.19,1
Manhattan,Midtown,40.74484,-73.98355,Entire home/apt,20,0,0.0,2
Manhattan,East Village,40.72821,-73.98633,Private room,30,0,0.0,8
Brooklyn,East Flatbush,40.65056,-73.94994,Entire home/apt,2,14,1.03,2
Manhattan,East Harlem,40.79534,-73.94526,Entire home/apt,1,73,2.37,1
Manhattan,East Harlem,40.78918,-73.94834,Entire home/apt,30,1,0.2,2
Manhattan,Lower East Side,40.72088,-73.99312,Private room,30,0,0.0,4
Manhattan,Upper West Side,40.7828,-73.98348,Entire home/apt,30,0,0.0,8
Manhattan,East Village,40.72498,-73.97604,Private room,1,6,1.49,1
Brooklyn,Williamsburg,40.71596,-73.96215,Private room,2,106,2.29,8
Manhattan,Upper West Side,40.7787,-73.98407,Entire home/apt,3,2,0.05,1
Manhattan,East Village,40.72394,-73.98941,Entire home/apt,4,43,0.68,1
Brooklyn,Fort Greene,40.69283,-73.98061,Private room,2,6,0.14,1
Brooklyn,Bedford-Stuyvesant,40.67913,-73.90665,Private room,1,33,2.04,6
Brooklyn,Prospect-Lefferts Gardens,40.65732,-73.95991,Private room,2,67,1.56,3
Manhattan,Harlem,40.80007,-73.9562,Entire home/apt,7,6,0.16,1
Brooklyn,Williamsburg,40.71886,-73.94054,Entire home/apt,2,19,1.52,2
Manhattan,Harlem,40.81493,-73.93953,Entire home/apt,5,1,0.11,1
Manhattan,Chinatown,40.71387,-73.99427,Entire home/apt,5,0,0.0,1
Brooklyn,East Flatbush,40.66314,-73.93299,Private room,1,8,0.61,6
Brooklyn,Prospect-Lefferts Gardens,40.6602,-73.95043,Private room,1,1,0.02,1
Manhattan,Gramercy,40.73711,-73.98573,Entire home/apt,5,7,0.2,1
Brooklyn,South Slope,40.66752,-73.9849,Entire home/apt,6,2,0.06,3
Manhattan,Upper West Side,40.77348,-73.97994,Entire home/apt,30,0,0.0,1
Brooklyn,Flatlands,40.62536,-73.929,Private room,1,8,0.16,3
Queens,Rockaway Beach,40.5889,-73.81585,Entire home/apt,1,31,1.2,1
Manhattan,Washington Heights,40.85508,-73.92779,Entire home/apt,2,9,0.96,1
Brooklyn,East Flatbush,40.651,-73.94886,Private room,2,263,2.69,2
Queens,Maspeth,40.72538,-73.89284,Entire home/apt,2,27,2.69,2
Manhattan,Upper West Side,40.79307,-73.97449,Entire home/apt,1,2,0.1,1
Manhattan,Tribeca,40.7132,-74.00942,Entire home/apt,30,0,0.0,232
Manhattan,Harlem,40.81426,-73.95152,Private room,2,75,3.93,2
Manhattan,Financial District,40.70613,-74.01067,Entire home/apt,2,5,1.9,327
Manhattan,East Harlem,40.79637,-73.93371,Private room,2,151,2.75,1
Manhattan,Upper East Side,40.77553,-73.95343,Entire home/apt,30,2,0.08,29
Manhattan,Little Italy,40.7203,-73.99663,Entire home/apt,31,4,1.52,1
Queens,Long Island City,40.74523,-73.94906,Private room,2,3,0.41,1
Brooklyn,Williamsburg,40.71308,-73.94458,Entire home/apt,9,5,0.42,1
Brooklyn,Williamsburg,40.70629,-73.92884,Entire home/apt,2,3,0.06,1
Brooklyn,Sunset Park,40.66266,-73.99064,Entire home/apt,7,1,0.16,1
Brooklyn,East New York,40.65905,-73.8976,Entire home/apt,1,13,7.36,1
Brooklyn,Bushwick,40.6905,-73.90622,Private room,30,0,0.0,8
Manhattan,Midtown,40.74481,-73.98523,Entire home/apt,3,6,0.23,1
Queens,Long Island City,40.7351,-73.92526,Private room,1,1,0.16,1
Brooklyn,Bedford-Stuyvesant,40.69199,-73.94426,Private room,3,6,0.72,1
Manhattan,East Harlem,40.79922,-73.94187,Shared room,1,22,6.53,7
Manhattan,East Village,40.72842,-73.98679,Private room,4,11,0.42,1
Manhattan,East Village,40.72161,-73.98013,Entire home/apt,1,52,1.2,1
Queens,Forest Hills,40.72126,-73.84542,Entire home/apt,1,0,0.0,1
Manhattan,Upper West Side,40.79804,-73.96135,Entire home/apt,30,19,0.47,12
Brooklyn,Bedford-Stuyvesant,40.68337,-73.9227,Entire home/apt,15,1,0.83,1
Queens,Jamaica,40.70085,-73.81284,Entire home/apt,1,27,0.7,2
Manhattan,Upper West Side,40.77961,-73.98474,Entire home/apt,14,3,0.98,1
Queens,Jackson Heights,40.75251,-73.8898,Entire home/apt,7,2,0.05,1
Brooklyn,East New York,40.66337,-73.89806,Private room,1,1,0.03,1
Manhattan,Inwood,40.86335,-73.92822,Entire home/apt,7,7,0.15,1
Queens,Glendale,40.70099,-73.89034,Private room,1,101,5.59,6
Manhattan,West Village,40.73428,-73.99969,Entire home/apt,30,3,0.13,1
Brooklyn,Williamsburg,40.70961,-73.94635,Private room,1,98,3.53,1
Manhattan,Upper East Side,40.77531,-73.95165,Entire home/apt,6,2,0.09,1
Queens,Astoria,40.76451,-73.92942,Private room,2,107,1.58,1
Manhattan,East Village,40.72568,-73.98823,Entire home/apt,2,0,0.0,1
Manhattan,Morningside Heights,40.80392,-73.95829,Private room,2,16,4.57,1
Manhattan,Harlem,40.80926,-73.95455,Entire home/apt,3,25,1.2,1
Manhattan,Chelsea,40.74714,-74.00142,Entire home/apt,30,1,1.0,1
Staten Island,Tompkinsville,40.63515,-74.07929,Private room,2,29,5.0,3
Manhattan,Murray Hill,40.74872,-73.97701,Entire home/apt,30,1,0.05,50
Brooklyn,Fort Greene,40.68809,-73.97578,Private room,2,5,0.13,2
Brooklyn,Williamsburg,40.70357,-73.93444,Private room,3,66,1.9,2
Queens,Briarwood,40.70458,-73.81418,Private room,1,0,0.0,18
Manhattan,SoHo,40.72042,-73.99844,Private room,1,0,0.0,1
Brooklyn,Crown Heights,40.67228,-73.9573,Entire home/apt,30,6,0.14,1
Manhattan,Hell's Kitchen,40.75516,-73.99547,Private room,7,1,0.41,47
Queens,Jackson Heights,40.75304,-73.87661,Private room,2,2,2.0,1
Queens,Ridgewood,40.69968,-73.90697,Private room,2,0,0.0,1
Brooklyn,Bedford-Stuyvesant,40.69093,-73.92754,Private room,2,0,0.0,2
Queens,Astoria,40.76031,-73.91702,Private room,7,0,0.0,1
Brooklyn,Clinton Hill,40.68331,-73.96568,Entire home/apt,7,6,0.1,1
Manhattan,Midtown,40.7467,-73.98706,Entire home/apt,2,4,1.09,13
Brooklyn,Crown Heights,40.67506,-73.94828,Entire home/apt,3,20,1.0,1
Brooklyn,Clinton Hill,40.69075,-73.9677,Private room,1,52,2.48,11
Manhattan,Harlem,40.80878,-73.95206,Entire home/apt,2,81,2.57,1
Brooklyn,Clinton Hill,40.68854,-73.96848,Entire home/apt,4,7,0.26,1
Brooklyn,Prospect-Lefferts Gardens,40.65934,-73.95937,Private room,1,19,0.55,2
Manhattan,Lower East Side,40.71244,-73.98756,Private room,5,0,0.0,1
Manhattan,Financial District,40.70799,-74.01113,Entire home/apt,2,9,3.33,327
Bronx,Mott Haven,40.80689,-73.91437,Entire home/apt,3,4,2.79,1
Queens,Woodside,40.74286,-73.89163,Private room,1,57,4.37,2
Queens,Elmhurst,40.74432,-73.87123,Private room,30,1,0.25,103
Brooklyn,Bedford-Stuyvesant,40.68753,-73.93656,Entire home/apt,5,82,1.41,1
Manhattan,Midtown,40.75003,-73.97059,Entire home/apt,30,0,0.0,96
Queens,Jamaica,40.67901,-73.78876,Private room,2,0,0.0,4
Manhattan,East Village,40.72422,-73.98211,Entire home/apt,2,46,0.8,1
Brooklyn,Crown Heights,40.67646,-73.94333,Private room,25,0,0.0,3
Brooklyn,Bushwick,40.69301,-73.92683,Private room,1,0,0.0,1
Brooklyn,Flatlands,40.62379,-73.92995,Private room,2,71,3.1,3
Manhattan,Upper West Side,40.7965,-73.96179,Private room,2,165,3.56,1
Brooklyn,Bushwick,40.69718,-73.92328,Private room,1,2,2.0,1
Manhattan,Upper East Side,40.77654,-73.94904,Entire home/apt,1,141,3.54,1
Queens,Maspeth,40.73612,-73.89519,Private room,1,19,8.03,4
Manhattan,Chelsea,40.74045,-73.99824,Entire home/apt,3,9,0.23,1
Brooklyn,Greenpoint,40.72713,-73.94141,Entire home/apt,30,7,0.12,52
Brooklyn,Boerum Hill,40.68482,-73.98302,Entire home/apt,3,19,0.65,1
Brooklyn,Downtown Brooklyn,40.68978,-73.98598,Private room,21,0,0.0,1
Queens,Astoria,40.76649,-73.92643,Private room,1,102,6.77,1
Queens,Jamaica,40.67057,-73.77869,Private room,1,22,1.73,6
Manhattan,Civic Center,40.71654,-74.00138,Private room,4,23,0.35,1
Brooklyn,Williamsburg,40.71401,-73.95664,Entire home/apt,1,6,0.16,1
Manhattan,Hell's Kitchen,40.76499,-73.98888,Private room,1,67,4.51,2
Brooklyn,Williamsburg,40.71041,-73.93847,Private room,2,2,0.06,1
Manhattan,Upper East Side,40.76494,-73.95808,Entire home/apt,2,4,1.24,1
Brooklyn,Borough Park,40.6348,-74.00304,Private room,1,6,2.25,2
Manhattan,Upper West Side,40.79829,-73.97266,Entire home/apt,30,0,0.0,1
Manhattan,Harlem,40.80553,-73.94928,Entire home/apt,1,2,2.0,1
Manhattan,Morningside Heights,40.8151,-73.96091,Private room,2,0,0.0,1
Brooklyn,Bushwick,40.69919,-73.93818,Private room,2,226,4.78,2
Manhattan,West Village,40.74005,-74.00466,Private room,3,4,0.09,1
Manhattan,Kips Bay,40.74123,-73.97731,Entire home/apt,7,2,0.04,1
Queens,Flushing,40.77063,-73.8098,Private room,2,85,2.42,1
Brooklyn,Williamsburg,40.70851,-73.95443,Private room,4,2,0.77,1
Brooklyn,Prospect Heights,40.67871,-73.9678,Private room,1,14,0.71,1
Manhattan,Harlem,40.81646,-73.93795,Private room,2,4,0.12,4
Brooklyn,Bushwick,40.69989,-73.93617,Private room,1,97,2.55,2
Brooklyn,Bedford-Stuyvesant,40.68127,-73.92686,Entire home/apt,7,29,0.95,1
Manhattan,Murray Hill,40.74898,-73.98029,Entire home/apt,3,11,4.18,1
Manhattan,Harlem,40.82033,-73.95632,Entire home/apt,1,3,0.06,1
Manhattan,Upper East Side,40.77819,-73.94597,Private room,25,5,0.15,10
Manhattan,Morningside Heights,40.81633,-73.96069,Private room,2,15,3.6,1
Manhattan,Harlem,40.81899,-73.94714,Private room,30,11,0.79,4
Queens,Middle Village,40.7206,-73.87382,Private room,1,95,2.22,3
Brooklyn,Greenpoint,40.72963,-73.94937,Private room,1,0,0.0,1
Manhattan,Washington Heights,40.84398,-73.94064,Private room,4,2,0.05,2
Brooklyn,Bedford-Stuyvesant,40.69678,-73.94409,Private room,3,0,0.0,1
Manhattan,East Village,40.72972,-73.97995,Entire home/apt,2,103,1.08,1
Brooklyn,Bedford-Stuyvesant,40.69277,-73.94315,Private room,2,11,0.47,1
Brooklyn,Bedford-Stuyvesant,40.68181,-73.94214,Entire home/apt,1,3,0.14,1
Brooklyn,Bushwick,40.70033,-73.91197,Private room,5,0,0.0,2
Brooklyn,Williamsburg,40.70721,-73.95341,Entire home/apt,2,17,0.59,1
Brooklyn,Gowanus,40.67475,-73.99707,Entire home/apt,2,0,0.0,1
Manhattan,West Village,40.73384,-74.00462,Entire home/apt,14,51,0.7,1
Manhattan,Washington Heights,40.83353,-73.94393,Private room,4,45,2.23,1
Queens,Far Rockaway,40.59349,-73.76377,Private room,1,1,0.16,1
Manhattan,Chinatown,40.71529,-73.99088,Entire home/apt,1,11,0.78,1
Brooklyn,Williamsburg,40.70838,-73.95366,Entire home/apt,2,2,2.0,1
Brooklyn,Prospect Heights,40.67995,-73.97021,Entire home/apt,3,5,0.11,1
Brooklyn,Williamsburg,40.70436,-73.93225,Private room,7,2,0.05,1
Brooklyn,Clinton Hill,40.68232,-73.96501,Entire home/apt,30,63,0.75,1
Brooklyn,Greenpoint,40.72211,-73.94215,Entire home/apt,2,20,0.76,1
Brooklyn,Downtown Brooklyn,40.69054,-73.99039,Entire home/apt,3,68,1.35,1
Manhattan,Chelsea,40.73975,-73.99848,Entire home/apt,3,2,0.06,1
Brooklyn,Greenpoint,40.72658,-73.94031,Entire home/apt,1,0,0.0,1
Manhattan,Harlem,40.81272,-73.9517,Entire home/apt,7,5,0.28,1
Manhattan,Chelsea,40.74372,-74.00021,Entire home/apt,7,26,0.37,1
Brooklyn,Cypress Hills,40.68775,-73.87044,Entire home/apt,30,4,0.55,6
Brooklyn,Bushwick,40.68587,-73.9082,Private room,2,23,5.11,4
Manhattan,Lower East Side,40.7188,-73.98554,Entire home/apt,3,10,0.97,1
Manhattan,Washington Heights,40.83436,-73.94735,Entire home/apt,5,5,0.11,1
Brooklyn,Prospect Heights,40.67553,-73.96376,Entire home/apt,3,11,0.19,1
Manhattan,Midtown,40.75815,-73.96489,Shared room,4,0,0.0,1
Manhattan,Midtown,40.76381,-73.97314,Private room,3,0,0.0,1
Manhattan,East Village,40.73263,-73.98728,Entire home/apt,4,17,0.29,1
Manhattan,Upper East Side,40.78419,-73.94851,Entire home/apt,5,0,0.0,1
Brooklyn,Greenpoint,40.73297,-73.95466,Entire home/apt,2,0,0.0,2
Manhattan,Morningside Heights,40.81536,-73.96246,Private room,15,0,0.0,1
Brooklyn,Greenpoint,40.72868,-73.95248,Private room,2,68,3.25,1
Manhattan,Midtown,40.74604,-73.98555,Entire home/apt,1,0,0.0,1
Manhattan,Upper East Side,40.78508,-73.95332,Entire home/apt,4,0,0.0,1
Manhattan,East Village,40.72304,-73.97923,Entire home/apt,60,5,0.06,1
Brooklyn,Park Slope,40.68073,-73.97515,Entire home/apt,1,0,0.0,1
Queens,Rockaway Beach,40.58773,-73.81367,Entire home/apt,1,61,4.49,2
Brooklyn,Flatlands,40.62183,-73.92111,Entire home/apt,2,12,1.86,1
Brooklyn,Williamsburg,40.71569,-73.93735,Entire home/apt,7,0,0.0,1
Manhattan,Lower East Side,40.71366,-73.98799,Private room,4,59,1.56,1
Manhattan,East Village,40.72496,-73.98289,Entire home/apt,2,36,0.74,1
Manhattan,Washington Heights,40.83591,-73.94777,Entire home/apt,5,3,0.08,2
Manhattan,Harlem,40.81759,-73.94385,Entire home/apt,5,1,0.08,1
Brooklyn,Fort Hamilton,40.61735,-74.03,Entire home/apt,5,0,0.0,1
Queens,Rosedale,40.66158,-73.74821,Private room,5,0,0.0,1
Brooklyn,Gowanus,40.68076,-73.9896,Entire home/apt,3,69,0.79,2
Manhattan,West Village,40.73886,-74.00413,Entire home/apt,3,6,0.94,1
Manhattan,Upper East Side,40.77495,-73.94832,Entire home/apt,1,0,0.0,1
Manhattan,Midtown,40.76592,-73.98095,Private room,3,1,0.07,1
Queens,Astoria,40.76547,-73.92079,Private room,1,0,0.0,1
Brooklyn,Williamsburg,40.7133,-73.94602,Entire home/apt,1,124,1.77,1
Brooklyn,Bedford-Stuyvesant,40.68341,-73.92154,Entire home/apt,2,7,1.23,2
Brooklyn,Bushwick,40.69854,-73.91086,Private room,2,29,4.73,2
Brooklyn,East Flatbush,40.65074,-73.92945,Entire home/apt,6,2,0.3,1
Brooklyn,Bushwick,40.70563,-73.91853,Private room,2,6,0.58,3
Manhattan,Harlem,40.80639,-73.95551,Entire home/apt,3,7,0.19,1
Bronx,Mott Haven,40.81161,-73.90513,Private room,1,24,2.38,1
Brooklyn,Bushwick,40.69752,-73.92069,Private room,3,13,2.05,1
Brooklyn,Sunset Park,40.64349,-74.02347,Entire home/apt,14,2,0.24,1
Manhattan,Hell's Kitchen,40.76376,-73.98789,Private room,4,33,0.88,1
Manhattan,Lower East Side,40.71869,-73.98282,Private room,1,0,0.0,1
Manhattan,Morningside Heights,40.80605,-73.96496,Entire home/apt,3,16,0.79,1
Brooklyn,Greenpoint,40.72684,-73.95628,Private room,1,0,0.0,1
Queens,Jamaica,40.70477,-73.80335,Entire home/apt,1,3,3.0,1
Brooklyn,Greenpoint,40.72948,-73.94918,Private room,1,154,4.49,2
Manhattan,Washington Heights,40.83414,-73.94565,Entire home/apt,5,18,2.19,1
Manhattan,Lower East Side,40.71502,-73.98192,Private room,7,48,0.61,1
Brooklyn,Williamsburg,40.71468,-73.95841,Private room,2,2,0.14,1
Manhattan,Midtown,40.7597,-73.97916,Private room,2,0,0.0,2
Brooklyn,Bedford-Stuyvesant,40.6875,-73.9588,Private room,1,36,3.23,1
Manhattan,Roosevelt Island,40.76358,-73.94761,Private room,2,14,2.25,1
Brooklyn,Crown Heights,40.67299,-73.95521,Private room,7,6,0.41,2
Manhattan,Financial District,40.70586,-74.00904,Entire home/apt,30,0,0.0,232
Brooklyn,Crown Heights,40.67398,-73.94669,Entire home/apt,1,0,0.0,2
Brooklyn,Sheepshead Bay,40.58363,-73.93553,Entire home/apt,7,3,0.05,2
Brooklyn,Bedford-Stuyvesant,40.69172,-73.94446,Private room,1,181,5.47,4
Manhattan,Midtown,40.75174,-73.9706,Entire home/apt,1,1,1.0,1
Brooklyn,Williamsburg,40.71179,-73.93872,Entire home/apt,2,2,0.15,1
Brooklyn,Flatbush,40.63376,-73.95148,Private room,3,0,0.0,1
Queens,East Elmhurst,40.75943,-73.89553,Private room,3,46,0.83,1
Brooklyn,Williamsburg,40.70931,-73.94253,Private room,1,71,5.52,2
Brooklyn,Prospect-Lefferts Gardens,40.65868,-73.94992,Entire home/apt,2,46,1.5,1
Brooklyn,Downtown Brooklyn,40.69594,-73.98375,Entire home/apt,13,64,0.8,1
Manhattan,East Harlem,40.79963,-73.94628,Entire home/apt,2,98,1.94,1
Brooklyn,Greenpoint,40.73002,-73.95636,Private room,1,5,3.06,2
Queens,Sunnyside,40.7379,-73.92911,Private room,1,21,4.92,1
Brooklyn,East New York,40.66788,-73.87339,Entire home/apt,2,6,0.69,2
Brooklyn,Midwood,40.61204,-73.95501,Private room,2,31,1.9,2
Manhattan,Upper West Side,40.78544,-73.97062,Entire home/apt,4,0,0.0,1
Manhattan,West Village,40.73221,-74.00928,Entire home/apt,3,19,0.46,2
Manhattan,Harlem,40.81451,-73.94478,Private room,2,59,2.38,1
Manhattan,Harlem,40.80285,-73.95166,Private room,2,54,0.88,1
Brooklyn,Crown Heights,40.66935,-73.94708,Private room,3,0,0.0,1
Brooklyn,Bedford-Stuyvesant,40.69256,-73.96058,Private room,1,5,0.22,1
Brooklyn,Fort Greene,40.68841,-73.97283,Entire home/apt,2,5,0.22,1
Brooklyn,Bushwick,40.70627,-73.92223,Entire home/apt,2,20,0.26,1
Brooklyn,Bedford-Stuyvesant,40.6909,-73.92662,Entire home/apt,3,18,2.33,1
Brooklyn,Bedford-Stuyvesant,40.68675,-73.95341,Private room,2,5,0.13,1
Queens,East Elmhurst,40.77056,-73.87191,Private room,1,207,10.38,6
Queens,Astoria,40.76615,-73.91325,Private room,1,6,0.13,5
Manhattan,Hell's Kitchen,40.76551,-73.98899,Shared room,2,101,2.07,2
Brooklyn,Park Slope,40.67561,-73.97823,Entire home/apt,2,85,1.81,2
Manhattan,Tribeca,40.72018,-74.00451,Private room,30,2,0.26,1
Queens,Woodside,40.74457,-73.90474,Private room,14,0,0.0,1
Brooklyn,DUMBO,40.70287,-73.98518,Private room,7,0,0.0,1
Queens,Rego Park,40.72755,-73.86199,Private room,1,131,4.33,1
Manhattan,Midtown,40.75549,-73.97149,Entire home/apt,2,2,0.04,1
Brooklyn,Columbia St,40.68388,-74.00484,Entire home/apt,2,11,1.24,2
Queens,Far Rockaway,40.59326,-73.76037,Private room,1,33,1.33,1
Brooklyn,Columbia St,40.68502,-74.0051,Entire home/apt,2,4,0.93,1
Brooklyn,Williamsburg,40.71786,-73.94556,Entire home/apt,2,9,0.33,1
Queens,Maspeth,40.72959,-73.89381,Private room,30,0,0.0,1
Brooklyn,Bedford-Stuyvesant,40.68316,-73.95033,Entire home/apt,2,51,2.65,2
Brooklyn,Prospect-Lefferts Gardens,40.65703,-73.95964,Entire home/apt,1,2,0.04,1
Manhattan,East Village,40.72956,-73.98113,Entire home/apt,30,18,4.22,5
Manhattan,Tribeca,40.71417,-74.00678,Entire home/apt,3,60,0.91,1
Brooklyn,Bushwick,40.7046,-73.92198,Private room,1,18,1.11,1
Bronx,Williamsbridge,40.87765,-73.86318,Entire home/apt,5,85,2.24,1
Brooklyn,Williamsburg,40.71299,-73.96559,Entire home/apt,2,0,0.0,1
Bronx,Port Morris,40.80828,-73.9319,Shared room,1,2,2.0,8
Manhattan,Hell's Kitchen,40.76671,-73.98413,Private room,4,27,2.83,1
Brooklyn,Bedford-Stuyvesant,40.69136,-73.92803,Entire home/apt,2,8,0.25,1
Brooklyn,Bedford-Stuyvesant,40.69002,-73.96002,Private room,12,2,0.05,3
Brooklyn,Gowanus,40.67652,-73.99682,Entire home/apt,1,1,0.02,1
Manhattan,East Village,40.72328,-73.9843,Private room,3,2,0.14,1
Brooklyn,Greenpoint,40.72492,-73.95097,Entire home/apt,1,1,0.02,1
Brooklyn,Bedford-Stuyvesant,40.68068,-73.9535,Private room,2,44,0.62,1
Manhattan,East Village,40.72978,-73.9793,Private room,3,28,0.33,1
Bronx,Mott Haven,40.81132,-73.92037,Entire home/apt,3,19,3.41,1
Queens,Rockaway Beach,40.58891,-73.80181,Private room,1,1,0.67,1
Brooklyn,Bedford-Stuyvesant,40.68398,-73.94515,Private room,90,0,0.0,1
Brooklyn,Williamsburg,40.70905,-73.95484,Entire home/apt,2,0,0.0,1
Queens,Ditmars Steinway,40.78316,-73.91804,Private room,5,0,0.0,1
Manhattan,Harlem,40.82802,-73.94481,Entire home/apt,3,1,0.32,2
Manhattan,Upper West Side,40.77859,-73.97964,Entire home/apt,1,0,0.0,1
Brooklyn,Bedford-Stuyvesant,40.68779,-73.95347,Entire home/apt,2,50,2.34,1
Queens,Astoria,40.77145,-73.93008,Entire home/apt,4,78,2.74,1
Manhattan,Upper West Side,40.79772,-73.96213,Entire home/apt,4,59,1.89,1
Queens,Bayside,40.74966,-73.75328,Private room,1,0,0.0,1
Brooklyn,Bedford-Stuyvesant,40.69068,-73.95465,Entire home/apt,3,6,0.17,1
Manhattan,Hell's Kitchen,40.76483,-73.99248,Entire home/apt,2,0,0.0,1
Brooklyn,Brownsville,40.65934,-73.90245,Private room,7,5,0.53,1
Manhattan,Nolita,40.72037,-73.99454,Entire home/apt,2,0,0.0,1
Manhattan,Financial District,40.70825,-74.00482,Entire home/apt,29,1,0.88,327
Queens,Corona,40.75015,-73.85961,Entire home/apt,2,166,7.5,2
Brooklyn,Bedford-Stuyvesant,40.68928,-73.95976,Private room,5,12,0.28,2
Brooklyn,Fort Greene,40.69629,-73.97397,Private room,30,1,0.48,25
Queens,Jamaica,40.66934,-73.77269,Private room,1,14,1.23,3
Brooklyn,Bushwick,40.70108,-73.9289,Private room,14,1,0.03,1
Manhattan,Upper East Side,40.77775,-73.95361,Shared room,1,6,0.16,2
Manhattan,Upper West Side,40.80343,-73.96796,Private room,4,2,0.15,1
Brooklyn,Bedford-Stuyvesant,40.68437,-73.95849,Entire home/apt,3,3,0.08,1
Manhattan,Harlem,40.80462,-73.95622,Entire home/apt,2,32,3.69,1
Brooklyn,Prospect Heights,40.67908,-73.97333,Private room,1,0,0.0,1
Manhattan,Lower East Side,40.72078,-73.98762,Entire home/apt,2,3,0.26,1
Brooklyn,Williamsburg,40.7087,-73.95941,Private room,1,67,7.18,4
Manhattan,Washington Heights,40.83602,-73.94294,Private room,3,104,1.79,1
Manhattan,Harlem,40.80281,-73.94644,Entire home/apt,6,51,1.13,2
Queens,College Point,40.78955,-73.83921,Private room,4,8,0.27,1
Manhattan,Upper West Side,40.79738,-73.96332,Private room,1,52,2.41,1
Manhattan,Lower East Side,40.71917,-73.98343,Entire home/apt,1,12,4.5,1
Manhattan,Chelsea,40.74913,-73.99513,Private room,1,0,0.0,20
Brooklyn,Williamsburg,40.71354,-73.95011,Private room,28,19,0.72,6
Manhattan,East Village,40.72551,-73.99075,Entire home/apt,3,0,0.0,1
Brooklyn,Bedford-Stuyvesant,40.68185,-73.95336,Entire home/apt,7,8,0.35,2
Brooklyn,Williamsburg,40.70925,-73.95255,Entire home/apt,3,17,0.48,1
Brooklyn,Greenpoint,40.72235,-73.94533,Entire home/apt,3,4,3.33,1
Brooklyn,Williamsburg,40.7056,-73.94202,Entire home/apt,1,294,3.59,1
Manhattan,Theater District,40.75969,-73.98732,Entire home/apt,29,0,0.0,327
Brooklyn,Park Slope,40.68015,-73.978,Private room,2,25,0.36,6
Manhattan,East Village,40.72734,-73.98389,Entire home/apt,1,10,3.75,5
Manhattan,Washington Heights,40.84243,-73.93693,Private room,1,1,0.05,1
Brooklyn,Bedford-Stuyvesant,40.69817,-73.93776,Private room,2,21,1.88,1
Manhattan,Murray Hill,40.74725,-73.97607,Entire home/apt,29,0,0.0,327
Brooklyn,Williamsburg,40.71002,-73.96237,Private room,2,71,2.32,1
Brooklyn,Prospect Heights,40.68007,-73.97317,Entire home/apt,2,12,0.28,1
Brooklyn,Bushwick,40.69288,-73.90831,Private room,2,54,1.26,1
Manhattan,Upper East Side,40.77428,-73.95363,Private room,4,0,0.0,1
Manhattan,Upper East Side,40.77477,-73.95503,Entire home/apt,1,0,0.0,1
Manhattan,Harlem,40.80534,-73.95647,Entire home/apt,21,1,0.03,1
Brooklyn,Bushwick,40.69493,-73.92276,Entire home/apt,3,42,3.04,1
Brooklyn,Bushwick,40.70093,-73.92375,Private room,2,11,0.24,1
Brooklyn,Bushwick,40.70081,-73.91805,Entire home/apt,2,20,2.28,1
Brooklyn,Bushwick,40.68772,-73.91386,Shared room,1,0,0.0,2
Brooklyn,Crown Heights,40.67817,-73.94691,Private room,1,3,0.43,1
Brooklyn,Bedford-Stuyvesant,40.68133,-73.95433,Private room,6,1,0.07,1
Queens,Astoria,40.77204,-73.9223,Private room,1,23,1.78,1
Brooklyn,Crown Heights,40.66692,-73.95205,Entire home/apt,1,7,0.21,1
Manhattan,Midtown,40.76687,-73.98273,Entire home/apt,30,2,0.06,39
Manhattan,Morningside Heights,40.80878,-73.95777,Entire home/apt,10,5,0.31,1
Manhattan,East Village,40.7284,-73.99053,Private room,30,3,1.76,1
Queens,Woodside,40.75496,-73.90685,Private room,7,0,0.0,1
Queens,Astoria,40.76731,-73.92634,Private room,2,5,0.21,1
Manhattan,Midtown,40.74848,-73.98631,Entire home/apt,1,4,4.0,1
Manhattan,Hell's Kitchen,40.76007,-73.99031,Private room,1,0,0.0,1
Brooklyn,Crown Heights,40.67261,-73.9578,Private room,1,0,0.0,1
Queens,Jamaica,40.6896,-73.80446,Entire home/apt,1,103,2.67,2
Manhattan,Morningside Heights,40.80853,-73.96352,Entire home/apt,4,0,0.0,1
Brooklyn,Crown Heights,40.66541,-73.95736,Entire home/apt,1,29,1.72,1
Queens,Astoria,40.76802,-73.91815,Entire home/apt,4,45,1.32,1
Manhattan,Harlem,40.8275,-73.94323,Private room,1,14,1.35,1
Manhattan,Chelsea,40.74386,-74.00106,Entire home/apt,2,2,0.05,1
Brooklyn,Bedford-Stuyvesant,40.68382,-73.9215,Entire home/apt,2,0,0.0,1
Brooklyn,Bedford-Stuyvesant,40.67922,-73.95383,Private room,1,0,0.0,1
Brooklyn,Bedford-Stuyvesant,40.69023,-73.94628,Private room,1,19,0.29,5
Bronx,Allerton,40.87063,-73.84896,Private room,1,3,0.12,2
Brooklyn,Kensington,40.6421,-73.98171,Private room,2,14,0.6,4
Brooklyn,Park Slope,40.67595,-73.97635,Entire home/apt,11,8,0.26,1
Brooklyn,Williamsburg,40.71345,-73.95938,Private room,1,25,1.27,1
Brooklyn,Williamsburg,40.71257,-73.96326,Private room,1,4,4.0,1
Manhattan,Theater District,40.76106,-73.98627,Entire home/apt,3,3,0.11,1
Brooklyn,Williamsburg,40.70835,-73.95226,Entire home/apt,4,67,1.32,1
Manhattan,Chelsea,40.73724,-73.99429,Entire home/apt,1,5,5.0,2
Brooklyn,Bushwick,40.68885,-73.91487,Private room,2,8,0.74,10
Queens,Ridgewood,40.69922,-73.90027,Private room,1,30,0.4,1
Queens,Astoria,40.75998,-73.926,Entire home/apt,1,1,1.0,1
Brooklyn,Williamsburg,40.70685,-73.94231,Private room,150,2,0.32,2
Brooklyn,Vinegar Hill,40.69925,-73.98266,Private room,3,2,0.11,3
Bronx,Spuyten Duyvil,40.88058,-73.91812,Entire home/apt,186,7,0.18,1
Manhattan,Lower East Side,40.71864,-73.98346,Entire home/apt,7,1,0.02,1
Staten Island,New Dorp Beach,40.56506,-74.1024,Private room,1,0,0.0,2
Brooklyn,Greenpoint,40.7284,-73.94983,Entire home/apt,3,0,0.0,1
Brooklyn,Bedford-Stuyvesant,40.68858,-73.95675,Private room,1,0,0.0,1
Brooklyn,Midwood,40.62022,-73.95622,Entire home/apt,7,0,0.0,1
Brooklyn,Cobble Hill,40.68759,-73.99376,Private room,1,25,0.7,1
Brooklyn,Bushwick,40.70374,-73.93016,Private room,5,1,0.02,1
Manhattan,Midtown,40.75176,-73.96921,Entire home/apt,1,1,0.02,1
Brooklyn,Prospect Heights,40.67852,-73.97308,Private room,2,11,1.24,2
Brooklyn,East Flatbush,40.66051,-73.92964,Private room,1,0,0.0,3
Manhattan,East Village,40.72923,-73.98735,Entire home/apt,2,0,0.0,1
Manhattan,Financial District,40.70504,-74.00787,Entire home/apt,2,6,1.26,1
Manhattan,East Village,40.72335,-73.98549,Entire home/apt,3,10,0.15,1
Queens,Long Island City,40.74723,-73.94144,Entire home/apt,3,0,0.0,1
Manhattan,Midtown,40.75498,-73.96426,Entire home/apt,29,0,0.0,96
Manhattan,Murray Hill,40.74405,-73.97349,Entire home/apt,30,0,0.0,23
Manhattan,Harlem,40.80914,-73.94363,Private room,1,79,2.24,3
Manhattan,Hell's Kitchen,40.76381,-73.9919,Private room,5,1,0.16,1
Brooklyn,Greenpoint,40.72888,-73.94486,Entire home/apt,3,3,0.08,13
Manhattan,East Village,40.72711,-73.97727,Entire home/apt,5,1,0.06,1
Brooklyn,Bedford-Stuyvesant,40.69348,-73.94757,Shared room,18,8,1.89,1
Manhattan,Upper East Side,40.77127,-73.95493,Entire home/apt,2,21,0.82,1
Manhattan,Upper East Side,40.78465,-73.95735,Entire home/apt,30,7,0.22,91
Bronx,Port Morris,40.80743,-73.92971,Entire home/apt,5,7,0.23,1
Manhattan,Washington Heights,40.85663,-73.93564,Private room,4,22,1.46,1
Manhattan,Midtown,40.75969,-73.96644,Entire home/apt,300,0,0.0,1
Queens,Glendale,40.70603,-73.89562,Entire home/apt,3,6,3.6,1
Manhattan,Upper West Side,40.80114,-73.96772,Entire home/apt,30,17,0.47,1
Brooklyn,Bushwick,40.7005,-73.93827,Private room,2,16,0.76,1
Brooklyn,Park Slope,40.66723,-73.97607,Entire home/apt,10,4,0.2,1
Brooklyn,Fort Greene,40.69153,-73.97078,Entire home/apt,7,2,0.06,1
Manhattan,Inwood,40.86833,-73.92291,Entire home/apt,18,2,0.21,1
Manhattan,Financial District,40.7079,-74.00491,Entire home/apt,29,0,0.0,327
Brooklyn,Bushwick,40.69248,-73.91189,Private room,30,0,0.0,103
Brooklyn,Bedford-Stuyvesant,40.68925,-73.92805,Private room,30,3,0.36,5
Manhattan,Hell's Kitchen,40.76024,-74.00046,Entire home/apt,3,6,6.0,1
Manhattan,Harlem,40.81502,-73.9546,Entire home/apt,90,7,0.28,1
Brooklyn,Greenpoint,40.7264,-73.95613,Entire home/apt,2,12,0.71,1
Brooklyn,Greenpoint,40.72613,-73.9426,Private room,6,0,0.0,2
Brooklyn,Greenpoint,40.72151,-73.94141,Private room,1,39,1.66,2
Brooklyn,Williamsburg,40.71133,-73.96533,Entire home/apt,4,0,0.0,1
Brooklyn,Bensonhurst,40.61245,-73.99684,Private room,15,2,1.2,2
Brooklyn,Bushwick,40.70152,-73.91148,Private room,1,16,0.66,1
Brooklyn,Brooklyn Heights,40.69944,-73.99596,Entire home/apt,3,8,2.96,1
Manhattan,Harlem,40.82332,-73.95471,Private room,2,16,0.3,3
Manhattan,Lower East Side,40.71686,-73.98458,Private room,1,1,0.05,1
Brooklyn,Sheepshead Bay,40.58779,-73.94703,Private room,1,0,0.0,1
Brooklyn,Carroll Gardens,40.6776,-74.0014,Entire home/apt,5,1,0.03,1
Staten Island,New Springville,40.58091,-74.15485,Private room,1,74,3.34,3
Brooklyn,Crown Heights,40.677,-73.95923,Private room,30,0,0.0,1
Manhattan,Hell's Kitchen,40.76828,-73.98755,Entire home/apt,3,3,3.0,1
Manhattan,East Village,40.73114,-73.98439,Entire home/apt,7,6,0.23,1
Brooklyn,Sunset Park,40.64279,-74.00515,Entire home/apt,30,10,0.62,3
Brooklyn,Williamsburg,40.71822,-73.94454,Entire home/apt,4,53,1.46,1
Manhattan,Harlem,40.80953,-73.9541,Private room,1,0,0.0,1
Manhattan,Upper West Side,40.77158,-73.98976,Private room,300,2,0.1,1
Queens,Jackson Heights,40.74766,-73.88949,Private room,20,1,0.03,1
Brooklyn,Bushwick,40.70526,-73.91964,Private room,1,1,0.02,1
Brooklyn,Boerum Hill,40.68612,-73.98013,Private room,1,15,2.63,1
Queens,Elmhurst,40.74579,-73.88904,Entire home/apt,3,16,1.42,1
Brooklyn,Bushwick,40.69501,-73.92296,Private room,3,2,0.14,5
Manhattan,Upper West Side,40.77054,-73.98344,Entire home/apt,30,2,0.52,25
Brooklyn,Williamsburg,40.71797,-73.95441,Entire home/apt,3,0,0.0,1
Manhattan,East Village,40.72645,-73.98035,Private room,1,278,2.95,3
Brooklyn,Bedford-Stuyvesant,40.694,-73.93354,Entire home/apt,2,26,3.94,1
Manhattan,Chelsea,40.74286,-73.99436,Entire home/apt,29,0,0.0,327
Manhattan,Washington Heights,40.83498,-73.94214,Private room,2,0,0.0,1
Brooklyn,Park Slope,40.68242,-73.97904,Entire home/apt,3,59,0.84,1
Queens,Astoria,40.77698,-73.93389,Entire home/apt,7,0,0.0,1
Brooklyn,Bushwick,40.69995,-73.92937,Entire home/apt,5,14,0.33,1
Queens,Astoria,40.76315,-73.92709,Private room,14,1,0.02,1
Brooklyn,Crown Heights,40.66997,-73.92696,Private room,2,0,0.0,1
Manhattan,Financial District,40.71017,-74.00924,Private room,3,76,2.93,1
Manhattan,Midtown,40.76358,-73.97825,Entire home/apt,1,0,0.0,1
Brooklyn,Prospect Heights,40.67556,-73.96427,Private room,1,1,0.05,1
Manhattan,Harlem,40.8276,-73.94457,Private room,1,4,0.85,2
Manhattan,Hell's Kitchen,40.75671,-73.99694,Private room,1,20,2.49,30
Bronx,City Island,40.84443,-73.78497,Entire home/apt,1,0,0.0,4
Manhattan,Financial District,40.70619,-74.0064,Entire home/apt,29,1,0.58,96
Queens,Astoria,40.76001,-73.91865,Entire home/apt,2,9,0.29,1
Manhattan,West Village,40.73198,-74.00239,Entire home/apt,30,0,0.0,96
Brooklyn,East Flatbush,40.63611,-73.94637,Entire home/apt,3,79,0.88,4
Manhattan,Hell's Kitchen,40.76259,-73.98667,Entire home/apt,30,0,0.0,65
Brooklyn,Williamsburg,40.70585,-73.9531,Private room,30,4,0.17,3
Manhattan,Hell's Kitchen,40.76504,-73.99491,Entire home/apt,30,4,0.12,31
Manhattan,Lower East Side,40.72028,-73.98182,Private room,3,1,0.03,1
Brooklyn,Bedford-Stuyvesant,40.69024,-73.95197,Entire home/apt,3,7,0.12,1
Manhattan,Two Bridges,40.70911,-73.99685,Entire home/apt,3,18,0.26,1
Brooklyn,Fort Greene,40.6931,-73.9723,Entire home/apt,3,6,0.27,1
Brooklyn,Borough Park,40.63549,-74.00553,Private room,1,16,1.73,7
Manhattan,Upper East Side,40.76112,-73.9619,Entire home/apt,30,12,0.27,34
Manhattan,Upper East Side,40.7613,-73.96152,Entire home/apt,1,0,0.0,1
Brooklyn,East Flatbush,40.65261,-73.94486,Private room,60,9,0.45,2
Bronx,Schuylerville,40.83022,-73.83286,Private room,2,1,0.11,1
Manhattan,Financial District,40.70571,-74.00675,Entire home/apt,3,1,0.27,1
Manhattan,Upper West Side,40.79873,-73.96938,Entire home/apt,2,0,0.0,1
Manhattan,SoHo,40.72708,-74.00055,Entire home/apt,5,36,0.71,1
Manhattan,Upper West Side,40.78763,-73.97204,Private room,3,21,0.49,2
Brooklyn,South Slope,40.66752,-73.98892,Entire home/apt,2,76,1.33,1
Brooklyn,Crown Heights,40.67532,-73.90891,Entire home/apt,3,0,0.0,1
Manhattan,East Harlem,40.79398,-73.94159,Entire home/apt,2,14,0.91,1
Queens,Ridgewood,40.70769,-73.89641,Private room,30,1,1.0,23
Brooklyn,Flatbush,40.65248,-73.95278,Private room,3,42,4.24,1
Manhattan,Gramercy,40.73494,-73.98751,Entire home/apt,365,0,0.0,1
Manhattan,Upper West Side,40.77548,-73.98965,Entire home/apt,30,5,0.38,25
Brooklyn,Bedford-Stuyvesant,40.69107,-73.92638,Private room,2,1,1.0,1
Manhattan,Midtown,40.74892,-73.9828,Entire home/apt,30,7,0.17,31
Manhattan,Chelsea,40.749,-73.99579,Entire home/apt,5,5,3.33,2
Brooklyn,Manhattan Beach,40.58078,-73.95356,Private room,2,21,0.56,1
Manhattan,Morningside Heights,40.80402,-73.96345,Entire home/apt,14,2,0.78,12
Brooklyn,Williamsburg,40.7149,-73.94585,Entire home/apt,2,2,2.0,3
Brooklyn,Clinton Hill,40.68699,-73.9639,Entire home/apt,3,88,2.04,1
Manhattan,Upper West Side,40.78962,-73.97718,Entire home/apt,2,9,0.16,1
Queens,Ridgewood,40.69326,-73.90316,Entire home/apt,2,0,0.0,1
Manhattan,West Village,40.7341,-74.00104,Entire home/apt,3,1,0.03,1
Brooklyn,Vinegar Hill,40.7041,-73.98089,Entire home/apt,6,1,0.03,1
Brooklyn,Bedford-Stuyvesant,40.68295,-73.91472,Entire home/apt,4,9,0.23,1
Manhattan,Financial District,40.70595,-74.00974,Entire home/apt,2,2,2.0,1
Manhattan,East Village,40.72455,-73.9783,Entire home/apt,14,2,0.29,1
Brooklyn,Crown Heights,40.67115,-73.94932,Entire home/apt,2,0,0.0,1
Bronx,City Island,40.83959,-73.78587,Private room,7,0,0.0,1
Manhattan,Washington Heights,40.84005,-73.93735,Private room,1,1,0.02,2
Queens,Maspeth,40.72167,-73.90095,Entire home/apt,7,2,1.22,3
Manhattan,East Village,40.72916,-73.98022,Private room,3,13,0.34,1
Queens,East Elmhurst,40.75809,-73.8693,Private room,1,135,9.74,2
Manhattan,Midtown,40.7662,-73.98321,Private room,3,1,0.03,1
Manhattan,West Village,40.73207,-74.01087,Entire home/apt,4,1,1.0,1
Manhattan,Inwood,40.86644,-73.92677,Private room,3,18,0.35,2
Manhattan,East Village,40.72487,-73.98125,Entire home/apt,4,3,0.08,1
Manhattan,Harlem,40.82294,-73.94999,Entire home/apt,1,50,0.72,1
Brooklyn,Flatbush,40.64504,-73.9608,Entire home/apt,2,6,1.5,1
Manhattan,Roosevelt Island,40.76437,-73.94844,Private room,1,0,0.0,1
Brooklyn,Bedford-Stuyvesant,40.6785,-73.91803,Entire home/apt,3,107,4.31,1
Brooklyn,Greenpoint,40.734,-73.95474,Entire home/apt,2,27,0.35,1
Brooklyn,Prospect-Lefferts Gardens,40.65945,-73.96145,Private room,1,32,3.81,1
Manhattan,Hell's Kitchen,40.76424,-73.98916,Shared room,1,8,6.32,7
Brooklyn,Kensington,40.64625,-73.97932,Entire home/apt,10,33,0.39,1
Manhattan,NoHo,40.72703,-73.99264,Entire home/apt,5,2,0.46,1
Brooklyn,Downtown Brooklyn,40.69671,-73.98417,Private room,2,106,3.59,2
Manhattan,Harlem,40.82914,-73.94254,Private room,2,11,0.28,1
Manhattan,Midtown,40.76372,-73.98355,Shared room,2,0,0.0,1
Brooklyn,Bedford-Stuyvesant,40.68542,-73.91741,Entire home/apt,7,1,0.05,1
Manhattan,East Harlem,40.78644,-73.9438,Private room,30,4,0.08,9
Queens,East Elmhurst,40.75966,-73.88295,Private room,1,140,7.47,2
Manhattan,Kips Bay,40.74416,-73.97702,Entire home/apt,3,0,0.0,1
Manhattan,Harlem,40.81525,-73.95279,Entire home/apt,6,0,0.0,1
Manhattan,Lower East Side,40.71909,-73.98473,Private room,1,41,1.07,3
Manhattan,Upper East Side,40.76944,-73.95252,Entire home/apt,2,0,0.0,1
Brooklyn,Bedford-Stuyvesant,40.68268,-73.93055,Private room,1,12,5.37,1
Queens,Springfield Gardens,40.66316,-73.74804,Entire home/apt,3,1,1.0,1
Manhattan,Morningside Heights,40.80624,-73.9634,Private room,1,7,0.57,1
Queens,Elmhurst,40.74066,-73.87755,Private room,30,0,0.0,37
Brooklyn,Williamsburg,40.71209,-73.9634,Entire home/apt,4,17,0.85,1
Manhattan,Financial District,40.70645,-74.01144,Entire home/apt,7,2,0.05,1
Manhattan,Midtown,40.75643,-73.96375,Entire home/apt,30,1,1.0,14
Manhattan,Harlem,40.81024,-73.9525,Private room,1,10,0.21,1
Manhattan,Battery Park City,40.71082,-74.0176,Private room,1,65,3.68,1
Brooklyn,Williamsburg,40.70823,-73.95702,Entire home/apt,2,4,4.0,1
Queens,Astoria,40.75717,-73.92831,Entire home/apt,4,19,3.0,1
Manhattan,Upper East Side,40.77336,-73.95054,Entire home/apt,3,0,0.0,1
Queens,Astoria,40.75878,-73.92615,Private room,2,32,0.67,2
Brooklyn,East New York,40.67199,-73.88253,Private room,15,1,0.23,3
Manhattan,Chelsea,40.74761,-74.00584,Entire home/apt,5,3,0.16,1
Manhattan,Gramercy,40.73631,-73.98525,Private room,7,0,0.0,1
Manhattan,Upper West Side,40.79733,-73.96104,Entire home/apt,5,0,0.0,1
Brooklyn,Williamsburg,40.71994,-73.9599,Private room,1,194,3.81,3
Manhattan,Inwood,40.86709,-73.92962,Private room,2,12,0.34,2
Brooklyn,Williamsburg,40.71178,-73.95779,Private room,2,0,0.0,1
Brooklyn,Bushwick,40.68834,-73.90714,Private room,1,0,0.0,1
Brooklyn,Greenpoint,40.73641,-73.9533,Entire home/apt,3,24,0.32,28
Brooklyn,Williamsburg,40.70772,-73.95978,Entire home/apt,3,13,0.35,2
Brooklyn,Williamsburg,40.71358,-73.95906,Private room,5,0,0.0,1
Manhattan,East Village,40.73333,-73.99075,Entire home/apt,1,0,0.0,1
Brooklyn,Williamsburg,40.71195,-73.94307,Private room,5,10,0.7,2
Brooklyn,Williamsburg,40.70508,-73.93763,Entire home/apt,5,0,0.0,1
Manhattan,Upper West Side,40.79284,-73.97675,Entire home/apt,12,20,0.37,1
Brooklyn,Bedford-Stuyvesant,40.68682,-73.92837,Private room,1,32,8.57,6
Brooklyn,Williamsburg,40.71014,-73.95871,Private room,1,10,0.28,1
Bronx,University Heights,40.85696,-73.91439,Private room,2,122,2.15,4
Brooklyn,Gowanus,40.66907,-73.99221,Entire home/apt,2,6,3.46,1
Brooklyn,Kensington,40.64469,-73.97086,Private room,14,0,0.0,1
Brooklyn,Bedford-Stuyvesant,40.6943,-73.94538,Private room,1,32,0.43,3
Brooklyn,Prospect Heights,40.67734,-73.96433,Private room,1,1,0.02,2
Brooklyn,Crown Heights,40.67299,-73.95804,Entire home/apt,4,1,0.16,1
Manhattan,Morningside Heights,40.80722,-73.95924,Private room,5,0,0.0,1
Brooklyn,Fort Greene,40.68832,-73.97731,Entire home/apt,3,38,4.15,1
Manhattan,Greenwich Village,40.73455,-73.99171,Entire home/apt,30,0,0.0,49
Manhattan,Hell's Kitchen,40.76125,-73.99642,Entire home/apt,1,0,0.0,1
Brooklyn,Bedford-Stuyvesant,40.69216,-73.92933,Entire home/apt,5,5,0.27,1
Brooklyn,Williamsburg,40.71398,-73.94605,Entire home/apt,2,0,0.0,3
Manhattan,Harlem,40.80276,-73.94976,Entire home/apt,28,53,1.4,2
Brooklyn,Carroll Gardens,40.68378,-74.00046,Entire home/apt,2,0,0.0,1
Brooklyn,Bushwick,40.70185,-73.93119,Private room,2,0,0.0,1
Manhattan,Chelsea,40.74441,-74.00385,Entire home/apt,7,4,0.43,1
Manhattan,SoHo,40.72635,-74.00298,Private room,1,1,0.04,1
Queens,Bay Terrace,40.78645,-73.77958,Private room,3,8,0.25,2
Manhattan,Hell's Kitchen,40.76306,-73.99257,Entire home/apt,30,3,0.12,31
Brooklyn,Bushwick,40.68477,-73.908,Private room,3,1,0.06,3
Manhattan,Chinatown,40.71457,-73.9958,Private room,1,71,5.5,3
Brooklyn,Greenpoint,40.72778,-73.94781,Private room,7,0,0.0,1
Queens,Maspeth,40.71415,-73.91426,Private room,1,55,3.26,2
Manhattan,East Village,40.73128,-73.98596,Private room,1,6,0.13,3
Manhattan,Murray Hill,40.74637,-73.97207,Entire home/apt,30,0,0.0,49
Manhattan,West Village,40.73905,-74.0014,Entire home/apt,3,4,0.08,1
Brooklyn,Sunset Park,40.64465,-74.01881,Private room,1,1,0.02,1
Queens,Springfield Gardens,40.66257,-73.76514,Entire home/apt,2,55,2.5,1
Manhattan,Midtown,40.75235,-73.96781,Entire home/apt,30,2,0.04,5
Brooklyn,Prospect-Lefferts Gardens,40.6559,-73.95443,Private room,1,0,0.0,1
Queens,East Elmhurst,40.76021,-73.88301,Private room,1,3,2.14,4
Brooklyn,East Flatbush,40.64377,-73.95085,Entire home/apt,3,53,2.24,2
Manhattan,Harlem,40.81118,-73.94313,Entire home/apt,14,9,0.23,1
Brooklyn,Red Hook,40.67748,-74.00989,Entire home/apt,2,132,3.91,1
Brooklyn,Clinton Hill,40.69112,-73.96059,Private room,7,3,0.12,1
Brooklyn,Downtown Brooklyn,40.69256,-73.99085,Entire home/apt,5,0,0.0,1
Brooklyn,Crown Heights,40.6764,-73.96218,Entire home/apt,28,5,0.06,1
Manhattan,Lower East Side,40.71858,-73.98613,Private room,1,1,0.02,1
Brooklyn,Bedford-Stuyvesant,40.6999,-73.94406,Private room,1,3,0.46,2
Manhattan,Upper East Side,40.77773,-73.95383,Entire home/apt,4,9,0.71,1
Manhattan,Hell's Kitchen,40.76477,-73.98542,Entire home/apt,3,16,0.27,1
Brooklyn,Kensington,40.64205,-73.98049,Private room,1,19,1.69,11
Manhattan,Lower East Side,40.71876,-73.98851,Entire home/apt,1,238,2.59,1
Brooklyn,East Flatbush,40.65275,-73.95119,Entire home/apt,1,0,0.0,1
Manhattan,Midtown,40.75456,-73.96626,Entire home/apt,2,11,0.21,1
Manhattan,Harlem,40.81951,-73.94161,Private room,1,0,0.0,1
Brooklyn,East Flatbush,40.65777,-73.91671,Entire home/apt,2,36,1.57,1
Brooklyn,Bay Ridge,40.62487,-74.02949,Private room,30,54,1.17,4
Manhattan,Midtown,40.74897,-73.98642,Private room,3,2,0.32,1
Queens,Long Island City,40.75332,-73.93343,Private room,1,25,2.56,1
Manhattan,Midtown,40.74759,-73.98889,Entire home/apt,2,9,1.54,13
Manhattan,SoHo,40.72494,-74.00839,Private room,30,19,0.5,1
Queens,Long Island City,40.76079,-73.93215,Private room,1,5,0.13,1
Manhattan,Lower East Side,40.72088,-73.98533,Entire home/apt,2,1,0.03,1
Brooklyn,Bedford-Stuyvesant,40.69545,-73.94829,Private room,7,8,0.34,1
Brooklyn,Boerum Hill,40.68416,-73.97912,Private room,1,3,0.19,1
Queens,Ridgewood,40.69956,-73.90752,Private room,6,2,0.26,1
Manhattan,Hell's Kitchen,40.75606,-73.99374,Entire home/apt,2,3,3.0,2
Manhattan,Financial District,40.70497,-74.00746,Entire home/apt,30,1,0.27,232
Manhattan,Upper West Side,40.80154,-73.96106,Entire home/apt,3,5,3.85,1
Bronx,Fordham,40.85912,-73.89254,Private room,3,0,0.0,2
Manhattan,Chinatown,40.71721,-73.99312,Entire home/apt,1,16,1.22,4
Manhattan,Upper West Side,40.79103,-73.97632,Private room,1,59,5.75,1
Manhattan,Harlem,40.809,-73.94263,Entire home/apt,2,292,4.95,2
Brooklyn,Cobble Hill,40.68615,-73.9972,Entire home/apt,3,11,0.59,1
Brooklyn,Bedford-Stuyvesant,40.69015,-73.94075,Private room,2,24,2.32,2
Brooklyn,East New York,40.66676,-73.87421,Private room,3,9,0.95,13
Manhattan,East Village,40.73001,-73.98464,Entire home/apt,2,48,1.41,1
Manhattan,Midtown,40.74509,-73.98268,Entire home/apt,1,9,0.2,1
Manhattan,Upper West Side,40.79795,-73.96199,Entire home/apt,5,2,0.08,1
Manhattan,Greenwich Village,40.72805,-73.99871,Entire home/apt,2,2,0.03,1
Brooklyn,Clinton Hill,40.68839,-73.96018,Entire home/apt,1,93,4.67,1
Manhattan,Upper West Side,40.77842,-73.97556,Entire home/apt,7,13,0.12,1
Queens,Sunnyside,40.73954,-73.92095,Shared room,1,0,0.0,1
Brooklyn,Bedford-Stuyvesant,40.67695,-73.91567,Entire home/apt,2,96,2.5,2
Brooklyn,Bedford-Stuyvesant,40.68876,-73.95265,Entire home/apt,3,43,2.86,1
Manhattan,Inwood,40.86438,-73.92086,Shared room,2,2,0.12,1
Queens,Bay Terrace,40.77415,-73.79218,Entire home/apt,1,0,0.0,1
Manhattan,Lower East Side,40.72232,-73.98987,Private room,3,139,2.29,1
Queens,Maspeth,40.71937,-73.90442,Private room,1,2,0.13,2
Brooklyn,Fort Greene,40.68859,-73.9729,Entire home/apt,9,3,0.04,1
Brooklyn,Williamsburg,40.71102,-73.95123,Entire home/apt,7,1,0.03,1
Brooklyn,Crown Heights,40.66753,-73.95099,Private room,5,7,0.18,2
Manhattan,East Village,40.7226,-73.97591,Private room,7,9,0.71,1
Queens,Douglaston,40.75754,-73.73068,Private room,1,12,0.55,5
Queens,Richmond Hill,40.68821,-73.83411,Private room,3,26,1.38,1
Manhattan,Midtown,40.75866,-73.98032,Private room,3,13,0.88,2
Brooklyn,East Flatbush,40.66097,-73.9319,Entire home/apt,4,15,1.27,1
Manhattan,West Village,40.73378,-74.00429,Entire home/apt,7,8,0.12,1
Manhattan,Hell's Kitchen,40.76176,-73.98981,Entire home/apt,4,19,1.63,1
Brooklyn,Bedford-Stuyvesant,40.69576,-73.94314,Private room,2,0,0.0,7
Brooklyn,Park Slope,40.67071,-73.9792,Entire home/apt,2,4,1.3,1
Manhattan,Upper East Side,40.76516,-73.95841,Private room,1,23,1.46,5
Staten Island,Concord,40.59784,-74.08391,Private room,4,51,1.69,8
Manhattan,East Village,40.72785,-73.97976,Entire home/apt,1,80,4.62,3
Brooklyn,Carroll Gardens,40.6798,-73.99272,Entire home/apt,2,7,0.9,1
Manhattan,Upper East Side,40.78266,-73.94673,Private room,2,0,0.0,6
Queens,Astoria,40.75596,-73.92798,Entire home/apt,2,44,2.37,1
Manhattan,East Harlem,40.79805,-73.93527,Private room,2,62,4.14,1
Manhattan,Lower East Side,40.71489,-73.98511,Entire home/apt,2,6,0.92,3
Brooklyn,Fort Greene,40.68794,-73.97393,Entire home/apt,3,10,0.21,1
Brooklyn,Williamsburg,40.70564,-73.93646,Private room,1,2,0.05,1
Brooklyn,Williamsburg,40.71872,-73.95949,Private room,1,6,3.4,2
Manhattan,Chelsea,40.74413,-74.00004,Private room,3,4,0.43,1
Manhattan,Lower East Side,40.71752,-73.99147,Private room,2,0,0.0,1
Manhattan,Two Bridges,40.71155,-73.99712,Private room,3,0,0.0,1
Brooklyn,Flatbush,40.65021,-73.96293,Private room,2,13,0.66,1
Brooklyn,Bedford-Stuyvesant,40.6872,-73.95231,Entire home/apt,5,55,1.44,1
Manhattan,Financial District,40.70493,-74.0065,Entire home/apt,29,0,0.0,96
Brooklyn,Windsor Terrace,40.65463,-73.97536,Entire home/apt,2,0,0.0,1
Queens,Sunnyside,40.73802,-73.91902,Entire home/apt,3,10,2.48,2
Brooklyn,Williamsburg,40.71494,-73.96214,Entire home/apt,3,28,2.09,1
Brooklyn,Bushwick,40.69975,-73.91202,Entire home/apt,1,0,0.0,1
Brooklyn,Manhattan Beach,40.57867,-73.95227,Entire home/apt,1,41,1.1,2
Brooklyn,Bedford-Stuyvesant,40.68512,-73.93607,Entire home/apt,3,34,1.52,1
Brooklyn,Bushwick,40.70642,-73.91665,Entire home/apt,3,115,1.75,2
Queens,Astoria,40.7577,-73.91981,Entire home/apt,3,1,0.05,1
Manhattan,Gramercy,40.73427,-73.98456,Entire home/apt,2,4,0.14,1
Brooklyn,Crown Heights,40.67676,-73.94513,Entire home/apt,3,25,0.91,1
Manhattan,Roosevelt Island,40.76688,-73.94688,Entire home/apt,1,0,0.0,1
Queens,Astoria,40.76448,-73.92714,Entire home/apt,2,0,0.0,1
Manhattan,Financial District,40.70711,-74.01044,Entire home/apt,2,4,2.5,327
Queens,Astoria,40.76106,-73.9078,Entire home/apt,1,64,3.43,2
Brooklyn,Williamsburg,40.71635,-73.94609,Private room,3,0,0.0,1
Bronx,Longwood,40.82417,-73.90156,Private room,1,182,3.82,2
Manhattan,Harlem,40.80849,-73.9446,Entire home/apt,3,10,0.27,1
Manhattan,Washington Heights,40.83958,-73.94323,Private room,1,0,0.0,2
Brooklyn,Greenpoint,40.72965,-73.95707,Private room,2,7,0.34,1
Manhattan,East Village,40.72696,-73.9811,Entire home/apt,3,6,0.94,1
Brooklyn,Bushwick,40.69822,-73.93517,Private room,2,11,0.15,2
Manhattan,West Village,40.73861,-74.00467,Entire home/apt,3,7,0.68,1
Brooklyn,Clinton Hill,40.69513,-73.96245,Entire home/apt,3,0,0.0,1
Manhattan,Harlem,40.8261,-73.95139,Private room,1,157,3.04,4
Manhattan,Harlem,40.79863,-73.95292,Private room,2,25,0.48,1
Manhattan,East Village,40.73065,-73.98523,Entire home/apt,2,18,3.88,1
Brooklyn,Crown Heights,40.67902,-73.96101,Entire home/apt,5,2,0.04,1
Brooklyn,East New York,40.67077,-73.87564,Entire home/apt,2,23,1.36,1
Brooklyn,Williamsburg,40.71558,-73.93577,Entire home/apt,3,26,0.76,1
Manhattan,Hell's Kitchen,40.76312,-73.99394,Entire home/apt,2,6,5.45,1
Brooklyn,Sunset Park,40.63867,-74.00681,Private room,1,12,1.37,5
Brooklyn,Bedford-Stuyvesant,40.69532,-73.94407,Entire home/apt,2,133,3.83,1
Brooklyn,Canarsie,40.64432,-73.90556,Entire home/apt,5,6,0.44,3
Brooklyn,Bedford-Stuyvesant,40.69574,-73.93975,Private room,2,0,0.0,2
Brooklyn,Prospect-Lefferts Gardens,40.6613,-73.94457,Entire home/apt,4,0,0.0,1
Manhattan,Harlem,40.82117,-73.94306,Entire home/apt,2,11,0.25,1
Brooklyn,Cobble Hill,40.68537,-73.99861,Entire home/apt,2,55,5.32,1
Queens,Rosedale,40.65439,-73.73185,Entire home/apt,2,45,1.7,1
Manhattan,Harlem,40.8222,-73.95416,Private room,5,2,0.33,7
Brooklyn,Bushwick,40.70024,-73.92655,Private room,2,0,0.0,1
Manhattan,Kips Bay,40.74512,-73.98041,Entire home/apt,10,3,0.05,1
Brooklyn,Bushwick,40.70107,-73.93934,Shared room,30,1,0.35,14
Manhattan,Hell's Kitchen,40.76091,-73.99126,Entire home/apt,4,16,5.45,1
Manhattan,Chelsea,40.74106,-74.00262,Private room,30,8,0.12,3
Brooklyn,Flatbush,40.63415,-73.95208,Entire home/apt,4,0,0.0,1
Brooklyn,Williamsburg,40.7118,-73.93729,Private room,1,0,0.0,1
Manhattan,Harlem,40.81173,-73.94213,Private room,3,0,0.0,3
Brooklyn,Crown Heights,40.67167,-73.93088,Private room,4,37,1.29,1
Queens,East Elmhurst,40.76432,-73.87227,Private room,1,333,10.64,5
Manhattan,Midtown,40.7608,-73.97391,Entire home/apt,1,1,1.0,6
Manhattan,Hell's Kitchen,40.76086,-73.98927,Private room,1,16,4.17,2
Brooklyn,Greenpoint,40.71959,-73.95153,Entire home/apt,30,77,1.3,1
Manhattan,Harlem,40.80705,-73.94452,Entire home/apt,3,157,2.46,3
Manhattan,East Village,40.72057,-73.97997,Entire home/apt,31,2,0.04,1
Manhattan,Midtown,40.76135,-73.96707,Entire home/apt,30,8,0.19,12
Manhattan,Lower East Side,40.72198,-73.98932,Private room,3,49,0.69,1
Manhattan,Washington Heights,40.83325,-73.94444,Private room,2,8,2.76,2
Queens,Ditmars Steinway,40.7754,-73.90787,Private room,1,2,1.15,2
Manhattan,Midtown,40.74658,-73.98847,Entire home/apt,2,70,0.95,1
Manhattan,Harlem,40.81186,-73.93922,Private room,3,6,0.52,1
Queens,Rockaway Beach,40.58415,-73.81243,Private room,1,30,2.2,1
Manhattan,SoHo,40.72703,-74.00286,Entire home/apt,2,10,0.2,1
Manhattan,West Village,40.73229,-74.004,Private room,2,0,0.0,1
Manhattan,Harlem,40.8285,-73.94219,Private room,1,2,2.0,3
Manhattan,East Village,40.73256,-73.98622,Entire home/apt,5,10,0.32,1
Queens,Astoria,40.76838,-73.92564,Private room,2,4,0.18,2
Manhattan,Harlem,40.82094,-73.95622,Private room,2,14,0.33,1
Queens,Forest Hills,40.72484,-73.84505,Entire home/apt,4,74,1.69,2
Manhattan,Midtown,40.75014,-73.97001,Entire home/apt,30,0,0.0,33
Brooklyn,Flatlands,40.62812,-73.94664,Private room,1,6,0.34,1
Brooklyn,Bushwick,40.69098,-73.90509,Private room,2,22,2.46,5
Manhattan,Harlem,40.83163,-73.94615,Private room,1,16,1.22,6
Bronx,Parkchester,40.83645,-73.86634,Entire home/apt,5,1,0.02,1
Manhattan,Financial District,40.70658,-74.00684,Entire home/apt,29,0,0.0,327
Brooklyn,Fort Greene,40.68286,-73.97134,Private room,1,1,0.05,1
Manhattan,Kips Bay,40.74089,-73.98094,Entire home/apt,3,20,0.61,1
Manhattan,Kips Bay,40.74298,-73.97448,Entire home/apt,1,42,3.73,1
Manhattan,Harlem,40.83338,-73.95051,Private room,5,26,0.61,1
Brooklyn,Williamsburg,40.70511,-73.94474,Private room,5,0,0.0,1
Brooklyn,Park Slope,40.68018,-73.97596,Private room,2,153,3.0,3
Queens,Astoria,40.76792,-73.92228,Private room,4,68,0.96,1
Queens,Woodside,40.74491,-73.90824,Private room,30,1,0.28,103
Manhattan,Harlem,40.82252,-73.94462,Private room,2,13,0.45,1
Brooklyn,Bedford-Stuyvesant,40.68772,-73.95484,Entire home/apt,3,72,1.31,1
Manhattan,Lower East Side,40.71974,-73.98549,Private room,3,19,0.41,1
Queens,Long Island City,40.75317,-73.93502,Private room,1,7,3.44,10
Brooklyn,Bedford-Stuyvesant,40.68037,-73.92029,Entire home/apt,2,5,0.28,1
Brooklyn,Bushwick,40.69185,-73.91073,Entire home/apt,3,1,1.0,2
Bronx,Kingsbridge,40.88531,-73.90008,Private room,3,0,0.0,1
Queens,Forest Hills,40.71291,-73.84678,Entire home/apt,2,105,1.8,5
Brooklyn,Clinton Hill,40.68969,-73.96682,Entire home/apt,3,6,0.43,1
Manhattan,East Village,40.7319,-73.98981,Private room,3,1,1.0,1
Brooklyn,South Slope,40.66293,-73.9838,Entire home/apt,1,3,0.06,1
Brooklyn,Williamsburg,40.71344,-73.95702,Entire home/apt,3,2,0.12,1
Bronx,Riverdale,40.88837,-73.90939,Private room,1,202,4.35,1
Brooklyn,Clinton Hill,40.69306,-73.96132,Private room,1,4,1.88,2
Brooklyn,Prospect-Lefferts Gardens,40.66049,-73.96064,Shared room,1,0,0.0,6
Brooklyn,Williamsburg,40.71234,-73.96601,Private room,1,0,0.0,1
Brooklyn,Williamsburg,40.70763,-73.95177,Private room,2,181,1.77,2
Manhattan,Gramercy,40.73573,-73.98755,Entire home/apt,30,5,0.3,1
Brooklyn,South Slope,40.66929,-73.98707,Entire home/apt,5,12,0.43,1
Brooklyn,Williamsburg,40.71266,-73.94829,Private room,15,4,0.07,2
Brooklyn,Sheepshead Bay,40.60111,-73.95702,Private room,2,7,3.82,1
Brooklyn,Williamsburg,40.71056,-73.94906,Private room,1,1,0.02,1
Brooklyn,Crown Heights,40.67317,-73.94104,Private room,2,14,2.68,2
Brooklyn,Bedford-Stuyvesant,40.6797,-73.94084,Private room,1,6,0.66,2
Manhattan,Washington Heights,40.84465,-73.93733,Entire home/apt,2,3,0.07,1
Brooklyn,Bedford-Stuyvesant,40.68763,-73.92694,Private room,30,0,0.0,5
Manhattan,Upper East Side,40.77029,-73.95812,Entire home/apt,3,69,1.78,1
Brooklyn,Bedford-Stuyvesant,40.69114,-73.94601,Private room,5,8,0.1,1
Manhattan,Upper East Side,40.77707,-73.95652,Private room,3,55,1.03,5
Manhattan,Battery Park City,40.70956,-74.01605,Entire home/apt,30,6,0.13,1
Manhattan,Hell's Kitchen,40.76195,-73.99224,Entire home/apt,30,18,0.45,12
Brooklyn,Bedford-Stuyvesant,40.69546,-73.93503,Private room,2,11,0.48,1
Queens,East Elmhurst,40.75985,-73.88233,Shared room,1,1,0.41,1
Brooklyn,Bushwick,40.70746,-73.92054,Private room,30,10,0.2,1
Manhattan,Financial District,40.70376,-74.00833,Entire home/apt,29,2,0.24,96
Brooklyn,Red Hook,40.67785,-74.00735,Entire home/apt,30,14,0.55,1
Brooklyn,Boerum Hill,40.68618,-73.98837,Entire home/apt,2,1,0.1,1
Brooklyn,Columbia St,40.68606,-74.00122,Entire home/apt,2,18,0.46,1
Brooklyn,Greenpoint,40.73475,-73.95543,Entire home/apt,4,4,0.13,1
Queens,Long Island City,40.74767,-73.94468,Private room,2,107,2.47,4
Brooklyn,Canarsie,40.64942,-73.89783,Private room,4,4,0.22,4
Manhattan,Harlem,40.8036,-73.95308,Private room,4,0,0.0,1
Brooklyn,Bedford-Stuyvesant,40.68202,-73.92151,Entire home/apt,1,42,3.16,1
Brooklyn,Williamsburg,40.71564,-73.94497,Entire home/apt,1,0,0.0,2
Brooklyn,Bedford-Stuyvesant,40.68519,-73.91494,Private room,3,11,0.24,1
Manhattan,Upper East Side,40.77585,-73.95754,Private room,1,14,0.51,3
Manhattan,East Harlem,40.80604,-73.94233,Private room,3,97,3.07,2
Brooklyn,Bedford-Stuyvesant,40.68463,-73.92617,Entire home/apt,4,0,0.0,1
Manhattan,Financial District,40.70598,-74.00804,Private room,4,2,0.62,1
Brooklyn,East Flatbush,40.64603,-73.94869,Shared room,30,5,0.12,7
Queens,Astoria,40.76327,-73.92457,Entire home/apt,1,7,0.14,1
Brooklyn,Cypress Hills,40.68004,-73.88709,Private room,3,0,0.0,1
Manhattan,Harlem,40.80192,-73.95827,Private room,1,0,0.0,1
Manhattan,East Village,40.72564,-73.98252,Entire home/apt,2,5,0.09,1
Manhattan,Morningside Heights,40.81368,-73.95919,Private room,1,0,0.0,1
Manhattan,Upper East Side,40.77542,-73.95437,Private room,4,48,0.8,5
Queens,Rosedale,40.66818,-73.73399,Entire home/apt,1,30,5.45,1
Manhattan,East Harlem,40.79945,-73.9346,Private room,3,54,1.36,1
Manhattan,Hell's Kitchen,40.76626,-73.98338,Entire home/apt,30,1,0.06,121
Manhattan,Morningside Heights,40.80414,-73.96576,Entire home/apt,2,23,1.18,1
Manhattan,Upper East Side,40.76578,-73.95443,Private room,2,61,2.85,2
Manhattan,East Village,40.72597,-73.9838,Private room,2,0,0.0,1
Brooklyn,Williamsburg,40.71417,-73.94123,Entire home/apt,3,4,1.32,1
Brooklyn,Bushwick,40.69918,-73.92886,Private room,2,32,0.64,3
Manhattan,Upper West Side,40.79509,-73.96649,Entire home/apt,30,0,0.0,96
Manhattan,East Village,40.72728,-73.98954,Private room,7,25,1.1,2
Manhattan,Chelsea,40.74526,-73.99545,Private room,14,1,0.02,1
Brooklyn,Bedford-Stuyvesant,40.69304,-73.94349,Private room,2,15,1.77,3
Queens,Sunnyside,40.73707,-73.91867,Entire home/apt,1,14,1.47,8
Manhattan,Midtown,40.7496,-73.98244,Entire home/apt,6,35,2.48,1
Brooklyn,Crown Heights,40.67042,-73.95608,Entire home/apt,2,76,1.3,1
Brooklyn,Crown Heights,40.66588,-73.95677,Entire home/apt,3,60,1.34,1
Brooklyn,Bushwick,40.70012,-73.93062,Private room,3,19,0.31,1
Brooklyn,Prospect-Lefferts Gardens,40.6589,-73.94975,Entire home/apt,4,0,0.0,1
Brooklyn,Bushwick,40.69961,-73.93138,Private room,3,4,0.39,2
Queens,Ridgewood,40.70947,-73.90039,Private room,2,0,0.0,1
Brooklyn,Kensington,40.64584,-73.97711,Entire home/apt,3,57,2.38,3
Manhattan,Upper East Side,40.76942,-73.96705,Entire home/apt,30,7,0.19,12
Brooklyn,East New York,40.67539,-73.90207,Entire home/apt,2,55,2.89,1
Brooklyn,Park Slope,40.67489,-73.97963,Private room,2,120,2.47,2
Bronx,Baychester,40.87223,-73.84335,Entire home/apt,3,206,4.98,2
Manhattan,Harlem,40.81027,-73.94639,Entire home/apt,5,31,0.49,2
Manhattan,Lower East Side,40.71826,-73.99079,Entire home/apt,5,6,0.47,1
Queens,Queens Village,40.72348,-73.75269,Entire home/apt,2,41,6.51,1
Manhattan,Hell's Kitchen,40.75975,-73.9944,Private room,2,0,0.0,1
Brooklyn,Bushwick,40.69544,-73.93221,Entire home/apt,3,1,0.03,1
Brooklyn,Bedford-Stuyvesant,40.6901,-73.95139,Private room,2,1,0.54,2
Brooklyn,Bedford-Stuyvesant,40.68314,-73.92981,Private room,2,90,3.1,1
Queens,Long Island City,40.75508,-73.93258,Entire home/apt,2,0,0.0,1
Brooklyn,Bushwick,40.70515,-73.925,Private room,1,0,0.0,1
Bronx,Morrisania,40.82398,-73.90894,Shared room,1,0,0.0,4
Brooklyn,Crown Heights,40.67677,-73.93783,Private room,3,1,0.03,1
Queens,Astoria,40.76529,-73.91137,Entire home/apt,5,1,0.16,1
Manhattan,Financial District,40.70747,-74.00663,Entire home/apt,1,15,1.18,8
Queens,Sunnyside,40.74597,-73.91434,Private room,3,26,1.82,1
Brooklyn,Park Slope,40.67211,-73.976,Entire home/apt,3,27,0.45,1
Manhattan,Hell's Kitchen,40.76708,-73.98295,Private room,6,4,0.45,1
Manhattan,Harlem,40.80334,-73.94805,Private room,3,14,0.16,3
Manhattan,SoHo,40.72256,-73.99767,Entire home/apt,5,7,0.09,2
Queens,Ditmars Steinway,40.77755,-73.90599,Entire home/apt,7,2,0.03,1
Manhattan,East Village,40.7257,-73.98635,Entire home/apt,1,38,3.41,1
Manhattan,Hell's Kitchen,40.76777,-73.98932,Entire home/apt,1,0,0.0,1
Brooklyn,Bedford-Stuyvesant,40.68442,-73.95639,Private room,2,6,0.12,1
Brooklyn,Prospect-Lefferts Gardens,40.65841,-73.96121,Entire home/apt,3,14,3.21,1
Manhattan,Midtown,40.76394,-73.98154,Entire home/apt,30,0,0.0,96
Brooklyn,Bushwick,40.70126,-73.93731,Private room,1,0,0.0,1
Brooklyn,Crown Heights,40.67484,-73.94084,Private room,1,0,0.0,1
Manhattan,Lower East Side,40.71944,-73.99396,Entire home/apt,2,47,2.19,1
Manhattan,Upper East Side,40.7829,-73.94694,Entire home/apt,2,53,1.19,1
Brooklyn,Williamsburg,40.71345,-73.95,Entire home/apt,2,17,1.83,2
Manhattan,Harlem,40.82279,-73.95139,Private room,3,11,0.87,3
Brooklyn,Bushwick,40.69544,-73.93046,Entire home/apt,3,0,0.0,1
Manhattan,Upper West Side,40.77976,-73.97837,Private room,7,11,1.16,1
Manhattan,Upper West Side,40.78116,-73.9786,Entire home/apt,1,0,0.0,1
Brooklyn,Borough Park,40.62251,-73.99397,Entire home/apt,14,93,2.06,1
Queens,Sunnyside,40.74361,-73.91662,Entire home/apt,30,9,0.12,2
Manhattan,Harlem,40.81627,-73.93512,Private room,2,9,0.26,4
Manhattan,Washington Heights,40.85329,-73.9291,Entire home/apt,2,29,1.96,4
Brooklyn,Windsor Terrace,40.64921,-73.97971,Entire home/apt,1,0,0.0,2
Manhattan,Harlem,40.82438,-73.9502,Entire home/apt,4,4,0.11,1
Brooklyn,Prospect Heights,40.67998,-73.96743,Entire home/apt,3,12,0.2,1
Manhattan,East Village,40.72222,-73.98221,Entire home/apt,2,7,3.28,2
Brooklyn,Clinton Hill,40.69538,-73.9701,Entire home/apt,30,0,0.0,1
Brooklyn,Crown Heights,40.67174,-73.95663,Entire home/apt,5,104,1.04,1
Manhattan,Harlem,40.80419,-73.94792,Shared room,1,1,0.16,1
Brooklyn,Bushwick,40.69735,-73.9327,Entire home/apt,3,84,2.95,1
Brooklyn,Bushwick,40.68781,-73.91421,Entire home/apt,3,18,0.45,3
Manhattan,Murray Hill,40.74713,-73.98075,Private room,2,8,0.43,1
Manhattan,Harlem,40.80063,-73.95389,Private room,4,39,1.65,1
Bronx,Longwood,40.82445,-73.90341,Private room,2,1,0.09,3
Brooklyn,Bedford-Stuyvesant,40.6925,-73.94214,Private room,1,11,1.77,1
Brooklyn,Williamsburg,40.70722,-73.94121,Private room,27,4,0.44,2
Brooklyn,East Flatbush,40.65226,-73.94521,Private room,7,2,0.98,9
Brooklyn,Bedford-Stuyvesant,40.69418,-73.94409,Private room,2,2,1.28,3
Brooklyn,Williamsburg,40.71432,-73.94615,Entire home/apt,2,25,0.65,1
Brooklyn,Bedford-Stuyvesant,40.67956,-73.93806,Private room,4,0,0.0,1
Brooklyn,Crown Heights,40.66847,-73.95225,Private room,4,0,0.0,3
Brooklyn,Bushwick,40.69398,-73.90719,Private room,30,1,0.15,6
Manhattan,Hell's Kitchen,40.76769,-73.98681,Shared room,1,4,2.22,5
Queens,Ridgewood,40.70463,-73.91183,Entire home/apt,3,1,0.16,2
Brooklyn,Williamsburg,40.7126,-73.96347,Entire home/apt,3,4,0.15,1
Manhattan,East Harlem,40.79383,-73.94968,Private room,1,98,4.39,2
Manhattan,Harlem,40.80379,-73.94434,Private room,1,25,0.97,2
Brooklyn,Greenpoint,40.72618,-73.94971,Private room,5,0,0.0,1
Queens,St. Albans,40.69544,-73.77663,Private room,1,81,8.02,1
Brooklyn,Park Slope,40.68082,-73.97713,Entire home/apt,3,120,3.51,2
Manhattan,Upper East Side,40.76374,-73.96583,Entire home/apt,1,0,0.0,1
Brooklyn,Bushwick,40.69857,-73.9142,Entire home/apt,1,0,0.0,1
Manhattan,East Village,40.72578,-73.98448,Private room,4,12,0.16,1
Brooklyn,Midwood,40.61291,-73.94972,Entire home/apt,2,20,0.41,1
Brooklyn,Bedford-Stuyvesant,40.68988,-73.95826,Entire home/apt,30,6,0.43,1
Manhattan,Harlem,40.82389,-73.95266,Private room,2,0,0.0,2
Manhattan,Midtown,40.75426,-73.98968,Entire home/apt,3,1,1.0,1
Brooklyn,Flatbush,40.63927,-73.9636,Entire home/apt,4,9,3.97,2
Brooklyn,Bedford-Stuyvesant,40.69379,-73.94539,Entire home/apt,2,37,0.88,1
Manhattan,West Village,40.73506,-74.00518,Entire home/apt,1,0,0.0,1
Manhattan,Upper East Side,40.78016,-73.95029,Entire home/apt,3,0,0.0,1
Brooklyn,Clinton Hill,40.68275,-73.96542,Entire home/apt,2,7,0.13,1
Queens,East Elmhurst,40.77102,-73.87287,Private room,1,42,12.12,5
Manhattan,Morningside Heights,40.8117,-73.9555,Entire home/apt,2,21,0.3,1
Manhattan,East Harlem,40.79796,-73.93921,Private room,32,57,1.46,2
Brooklyn,Williamsburg,40.71699,-73.96167,Entire home/apt,3,6,1.94,1
Manhattan,Upper East Side,40.77128,-73.95787,Private room,4,19,0.6,1
Brooklyn,Bedford-Stuyvesant,40.68599,-73.95182,Private room,6,81,1.35,3
Manhattan,Upper West Side,40.78965,-73.96993,Entire home/apt,1,9,0.48,1
Queens,Ditmars Steinway,40.77975,-73.92087,Entire home/apt,14,0,0.0,1
Manhattan,Lower East Side,40.72054,-73.98471,Entire home/apt,3,4,0.15,1
Brooklyn,Williamsburg,40.71009,-73.95842,Private room,3,4,3.53,1
Brooklyn,Bedford-Stuyvesant,40.68696,-73.94391,Private room,1,27,2.58,2
Brooklyn,Bedford-Stuyvesant,40.68201,-73.95553,Entire home/apt,30,6,0.18,1
Manhattan,Upper West Side,40.78293,-73.97667,Entire home/apt,3,4,0.08,1
Manhattan,East Village,40.72333,-73.97934,Entire home/apt,2,3,0.45,1
Brooklyn,Bushwick,40.70087,-73.92351,Private room,2,90,2.57,3
Bronx,Mott Haven,40.81072,-73.92031,Private room,1,32,3.31,4
Brooklyn,Bedford-Stuyvesant,40.68438,-73.95688,Private room,2,64,2.73,3
Brooklyn,Bedford-Stuyvesant,40.67762,-73.91565,Private room,30,0,0.0,5
Manhattan,East Village,40.72415,-73.97451,Private room,1,95,3.28,1
Queens,Jackson Heights,40.74951,-73.89378,Private room,30,2,0.56,37
Manhattan,Washington Heights,40.84857,-73.94193,Private room,3,0,0.0,1
Brooklyn,Clinton Hill,40.68332,-73.96271,Entire home/apt,6,35,0.76,1
Manhattan,East Harlem,40.80857,-73.93951,Private room,1,0,0.0,1
Brooklyn,Williamsburg,40.7198,-73.95741,Entire home/apt,3,9,1.44,1
Queens,Astoria,40.76553,-73.91625,Entire home/apt,4,15,1.73,1
Bronx,Fieldston,40.896,-73.89964,Private room,1,11,3.47,2
Manhattan,East Village,40.72611,-73.98208,Entire home/apt,1,6,3.53,2
Brooklyn,Williamsburg,40.71112,-73.95382,Private room,5,3,0.12,1
Manhattan,Upper West Side,40.77927,-73.97649,Private room,28,0,0.0,1
Brooklyn,Greenpoint,40.73081,-73.95184,Entire home/apt,2,3,0.2,1
Manhattan,Chelsea,40.7487,-73.99514,Private room,2,134,3.42,1
Manhattan,East Village,40.72444,-73.98136,Private room,3,1,0.03,1
Manhattan,Greenwich Village,40.73679,-73.99592,Private room,1,4,1.52,2
Manhattan,Harlem,40.82101,-73.94582,Entire home/apt,3,82,1.09,1
Manhattan,Upper East Side,40.76066,-73.96372,Entire home/apt,20,16,0.6,1
Queens,Long Island City,40.75255,-73.93128,Private room,1,0,0.0,5
Queens,Ditmars Steinway,40.77714,-73.91071,Entire home/apt,2,81,4.31,1
Brooklyn,Sunset Park,40.65135,-74.00487,Private room,1,18,1.87,4
Manhattan,Little Italy,40.71912,-73.99776,Private room,2,6,0.13,1
Brooklyn,East Flatbush,40.64171,-73.94721,Private room,1,1,0.3,2
Brooklyn,Prospect-Lefferts Gardens,40.65682,-73.95875,Entire home/apt,3,0,0.0,2
Queens,Richmond Hill,40.69604,-73.82449,Private room,1,424,8.86,5
Manhattan,East Village,40.72493,-73.97571,Private room,2,26,2.23,1
Manhattan,Chelsea,40.74016,-74.00049,Private room,1,14,0.27,1
Manhattan,Hell's Kitchen,40.76152,-73.98678,Entire home/apt,30,3,0.09,87
Brooklyn,Greenpoint,40.72587,-73.94122,Entire home/apt,5,2,0.06,1
Brooklyn,Prospect-Lefferts Gardens,40.65993,-73.95725,Entire home/apt,1,151,3.86,1
Manhattan,East Village,40.72105,-73.9814,Private room,1,1,0.07,1
Manhattan,East Village,40.72728,-73.98865,Private room,14,13,0.65,1
Brooklyn,Williamsburg,40.71723,-73.96285,Private room,1,0,0.0,1
Brooklyn,Crown Heights,40.67812,-73.94618,Entire home/apt,3,30,3.96,3
Manhattan,Midtown,40.75494,-73.96437,Private room,3,2,0.33,1
Brooklyn,Prospect-Lefferts Gardens,40.65757,-73.95015,Private room,1,0,0.0,1
Brooklyn,Williamsburg,40.71251,-73.94148,Private room,1,1,0.05,1
Queens,Woodside,40.74496,-73.89534,Entire home/apt,1,118,6.0,1
Brooklyn,Brownsville,40.67511,-73.90836,Entire home/apt,2,0,0.0,1
Queens,Astoria,40.76836,-73.91445,Entire home/apt,2,18,0.49,1
Brooklyn,Williamsburg,40.71465,-73.95499,Private room,2,11,1.9,3
Manhattan,East Village,40.725,-73.97711,Entire home/apt,8,6,0.27,1
Brooklyn,Bushwick,40.70426,-73.92551,Private room,8,7,0.36,1
Manhattan,Kips Bay,40.74033,-73.98268,Entire home/apt,365,7,0.19,1
Manhattan,Harlem,40.8159,-73.9396,Private room,1,4,1.14,9
Manhattan,Harlem,40.81635,-73.94467,Entire home/apt,4,119,3.21,4
Manhattan,Lower East Side,40.71422,-73.9896,Entire home/apt,2,2,1.76,1
Brooklyn,East Flatbush,40.6453,-73.94669,Entire home/apt,93,19,0.54,1
Brooklyn,Williamsburg,40.71958,-73.96123,Entire home/apt,2,19,0.58,1
Brooklyn,Cobble Hill,40.68846,-73.99557,Entire home/apt,2,19,3.63,1
Manhattan,Upper West Side,40.79794,-73.97188,Private room,1,14,0.52,1
Manhattan,East Village,40.72853,-73.98762,Private room,2,6,0.87,1
Staten Island,Todt Hill,40.61041,-74.11593,Entire home/apt,3,2,0.86,3
Manhattan,Inwood,40.85988,-73.92709,Private room,1,13,1.18,2
Brooklyn,Williamsburg,40.70678,-73.94918,Entire home/apt,2,84,2.19,1
Manhattan,Chelsea,40.74342,-73.99483,Entire home/apt,9,3,0.04,2
Brooklyn,Bushwick,40.69924,-73.93052,Private room,4,0,0.0,2
Queens,Astoria,40.77451,-73.92712,Entire home/apt,2,68,4.33,1
Brooklyn,Sunset Park,40.65012,-74.00867,Private room,7,0,0.0,1
Brooklyn,South Slope,40.66036,-73.98494,Entire home/apt,5,10,1.6,1
Queens,Flushing,40.76671,-73.81935,Entire home/apt,1,8,2.82,4
Brooklyn,Bushwick,40.6982,-73.92852,Private room,1,159,2.89,4
Brooklyn,Greenpoint,40.71913,-73.95041,Private room,30,3,0.14,6
Brooklyn,Bushwick,40.70278,-73.92673,Private room,15,21,0.29,3
Manhattan,East Village,40.73164,-73.98454,Entire home/apt,3,10,0.23,1
Manhattan,East Village,40.732,-73.98759,Private room,1,0,0.0,1
Manhattan,Midtown,40.76657,-73.98201,Entire home/apt,30,1,0.12,121
Manhattan,Washington Heights,40.83776,-73.94087,Private room,2,43,0.85,2
Brooklyn,Williamsburg,40.71894,-73.96403,Entire home/apt,3,23,0.63,1
Queens,Sunnyside,40.73748,-73.92894,Private room,7,6,0.18,1
Manhattan,Upper East Side,40.78007,-73.94677,Entire home/apt,4,1,0.02,1
Manhattan,Upper West Side,40.79155,-73.97477,Entire home/apt,30,0,0.0,96
Brooklyn,East Flatbush,40.65926,-73.93468,Private room,2,1,1.0,2
Brooklyn,Sea Gate,40.57774,-74.01022,Private room,1,2,0.05,3
Manhattan,Chelsea,40.74314,-73.99898,Private room,1,2,0.1,1
Queens,Jamaica,40.68695,-73.8045,Private room,1,61,3.3,3
Brooklyn,Park Slope,40.66519,-73.97793,Entire home/apt,9,1,0.16,1
Bronx,Kingsbridge,40.88587,-73.89865,Private room,4,0,0.0,1
Manhattan,Lower East Side,40.71894,-73.99293,Entire home/apt,2,147,3.9,3
Brooklyn,Downtown Brooklyn,40.69739,-73.98444,Entire home/apt,7,0,0.0,1
Queens,Astoria,40.76701,-73.91208,Private room,1,2,1.05,3
Manhattan,East Village,40.72781,-73.97646,Entire home/apt,3,42,0.77,1
Manhattan,East Harlem,40.78757,-73.95089,Private room,2,98,5.19,1
Manhattan,Upper West Side,40.79655,-73.96285,Entire home/apt,30,0,0.0,1
Brooklyn,Kensington,40.64187,-73.97376,Entire home/apt,7,0,0.0,1
Manhattan,Hell's Kitchen,40.75878,-73.99011,Entire home/apt,5,7,1.53,1
